{"cameraMode":{"drawMode":0,"name":"Shaded","section":"Shading Mode"},"sceneLighting":false,"audioPlay":false,"sceneViewState":{"m_AlwaysRefresh":false,"showFog":true,"showSkybox":false,"showFlares":true,"showImageEffects":true,"showParticleSystems":true,"showVisualEffectGraphs":true,"m_FxEnabled":true},"in2DMode":false,"pivot":{"x":3.1575872898101808,"y":0.9476337432861328,"z":-1.015973448753357},"rotation":{"x":0.019693054258823396,"y":0.7103233337402344,"z":-0.015167956240475178,"w":0.7040225863456726},"size":0.30755379796028139,"orthographic":false}